performance_id,campaign_id,channel_id,region_id,device_id,date,impressions,clicks,conversions,cost_usd,revenue_usd
1,1007,1,3,3,2024-01-01,37081,4496,313,4321.08,13670.9
2,1007,3,1,2,2024-01-02,12033,3776,92,4343.57,5865.93
3,1002,5,2,3,2024-01-03,43736,3521,212,148.56,9533.4
4,1005,1,3,3,2024-01-04,17241,2878,381,3912.43,6566.11
5,1004,3,2,1,2024-01-05,6939,2900,273,2357.59,6678.92
6,1001,1,2,3,2024-01-06,48464,2556,93,4945.32,4793.49
7,1007,5,1,2,2024-01-07,48562,3820,385,2467.84,11479.52
8,1005,5,3,3,2024-01-08,36063,3014,122,4935.79,14055.41
9,1001,2,1,3,2024-01-09,35464,4644,58,3797.39,14123.11
10,1004,4,1,1,2024-01-10,12185,999,445,1318.16,2786.76
11,1000,1,3,3,2024-01-11,28045,4653,120,2738.14,13146.21
12,1009,1,3,3,2024-01-12,45769,2900,122,4961.46,11113.99
13,1005,3,4,2,2024-01-13,48118,215,264,4301.9,3941.99
14,1008,5,4,1,2024-01-14,20167,3536,79,577.1,1195.81
15,1000,1,2,1,2024-01-15,37412,2559,484,3561.22,4166.36
16,1009,5,3,1,2024-01-16,22625,969,309,1793.34,13700.68
17,1002,1,4,3,2024-01-17,40188,163,11,134.21,9571.04
18,1006,2,2,1,2024-01-18,28076,3554,370,2077.06,10871.61
19,1003,4,2,3,2024-01-19,45605,1041,126,1250.3,4005.85
20,1008,1,2,3,2024-01-20,20029,3889,15,4112.46,10846.94
21,1002,5,4,2,2024-01-21,23973,1308,352,1752.92,616.2
22,1004,2,3,2,2024-01-22,40121,3476,442,4154.87,5754.76
23,1002,1,1,2,2024-01-23,32433,564,493,102.93,9475.95
24,1006,3,2,2,2024-01-24,44309,4854,219,1608.31,2362.23
25,1004,4,4,2,2024-01-25,2932,3246,433,1281.71,12380.45
26,1008,1,4,3,2024-01-26,45254,4484,283,1244.48,3678.46
27,1006,2,1,3,2024-01-27,2757,2634,32,434.11,9853.76
28,1001,3,1,1,2024-01-28,31722,117,239,1016.91,6196.92
29,1003,2,4,3,2024-01-29,38853,1646,371,2822.19,9021.45
30,1008,2,3,3,2024-01-30,39405,4528,317,1527.67,1790.27
31,1001,3,1,2,2024-01-31,2116,68,30,2145.23,450.31
32,1009,2,4,3,2024-02-01,44527,2780,413,1946.65,13661.55
33,1008,3,1,2,2024-02-02,12691,3571,58,4391.93,4190.52
34,1009,1,3,1,2024-02-03,1492,622,33,4535.97,12331.22
35,1004,3,2,1,2024-02-04,28882,2308,471,2515.49,14990.38
36,1001,3,1,3,2024-02-05,9811,2952,357,1717.76,3329.18
37,1003,4,3,1,2024-02-06,28808,700,168,623.32,4124.53
38,1006,3,4,3,2024-02-07,25272,2637,274,4771.67,10010.32
39,1007,3,1,1,2024-02-08,29399,3312,338,395.11,14488.64
40,1002,1,1,2,2024-02-09,7474,1388,39,1558.49,13754.05
41,1000,4,4,2,2024-02-10,27956,3684,290,1560.52,7642.56
42,1003,5,2,2,2024-02-11,48153,2877,352,1669.97,11967.63
43,1001,1,4,2,2024-02-12,43506,2267,277,905.01,2209.04
44,1007,1,1,3,2024-02-13,14979,3589,455,3937.49,14666.09
45,1003,5,4,1,2024-02-14,45523,1087,212,700.24,14472.43
46,1001,3,3,3,2024-02-15,43565,4433,242,3211.04,2623.19
47,1005,2,4,2,2024-02-16,29328,4028,418,706.85,4631.46
48,1005,4,1,3,2024-02-17,48375,3011,97,445.62,1682.29
49,1009,2,4,1,2024-02-18,13867,3276,177,4556.2,4221.42
50,1003,5,2,3,2024-02-19,26851,1148,83,1031.63,12276.15
51,1005,1,4,1,2024-02-20,32279,2374,114,4124.13,5799.07
52,1001,1,2,3,2024-02-21,31527,989,221,2768.69,1508.28
53,1009,4,3,1,2024-02-22,8866,3766,439,481.5,5264.94
54,1001,1,2,1,2024-02-23,16449,3464,362,4781.7,14724.47
55,1009,1,4,2,2024-02-24,11685,1498,110,1310.11,9519.32
56,1003,4,1,1,2024-02-25,24544,620,51,4312.26,6359.18
57,1007,4,2,2,2024-02-26,6451,2954,185,927.17,2664.77
58,1006,5,3,2,2024-02-27,22642,2555,68,4284.32,14795.42
59,1008,1,2,2,2024-02-28,42316,967,250,164.82,12348.57
60,1007,1,2,3,2024-02-29,40954,1924,248,2607.72,4365.86
61,1004,5,2,3,2024-03-01,39870,4978,426,3870.27,1237.02
62,1001,3,3,3,2024-03-02,32030,1728,324,4680.5,1038.06
63,1004,3,4,3,2024-03-03,31873,665,91,4555.09,1981.6
64,1007,3,2,1,2024-03-04,1619,4551,221,4116.16,8795.38
65,1009,5,2,1,2024-03-05,34650,1799,494,4452.14,13945.7
66,1008,1,1,3,2024-03-06,26372,3875,11,1076.18,7551.8
67,1008,5,3,1,2024-03-07,4642,4238,282,1492.5,12675.59
68,1000,5,2,1,2024-03-08,29001,2527,341,1515.95,6799.12
69,1008,3,3,2,2024-03-09,35064,4799,214,1947.56,10687.04
70,1006,2,2,2,2024-03-10,30290,3555,173,2027.27,11031.72
71,1008,1,4,2,2024-03-11,15122,3525,334,2768.32,2774.66
72,1007,3,4,2,2024-03-12,25820,4579,142,883.41,5546.0
73,1000,2,2,1,2024-03-13,3895,1185,445,3487.11,9632.07
74,1007,2,4,3,2024-03-14,6366,4050,395,921.08,1246.31
75,1007,4,2,1,2024-03-15,9711,424,385,1620.51,5550.79
76,1002,1,4,1,2024-03-16,20596,256,310,2566.39,8115.03
77,1000,2,1,1,2024-03-17,19793,4925,234,4002.56,14944.12
78,1007,3,1,2,2024-03-18,9199,1369,479,3723.4,7223.1
79,1002,4,1,2,2024-03-19,11717,1191,312,3263.12,12277.64
80,1002,1,3,2,2024-03-20,37191,4677,165,863.29,6594.6
81,1000,5,3,3,2024-03-21,11211,2740,5,2780.52,11986.58
82,1004,3,1,1,2024-03-22,46550,3305,240,528.49,9012.14
83,1009,2,3,3,2024-03-23,24360,139,441,1949.08,13321.61
84,1006,2,4,2,2024-03-24,22542,4158,192,2126.23,6281.95
85,1009,3,2,3,2024-03-25,32312,3070,422,295.08,9143.71
86,1008,2,2,1,2024-03-26,46242,1907,8,1442.54,9524.28
87,1006,4,2,1,2024-03-27,37435,854,405,4782.68,6377.27
88,1008,1,1,2,2024-03-28,29247,994,136,4772.8,2335.82
89,1007,4,3,2,2024-03-29,23357,2839,431,1826.4,1584.68
90,1001,2,4,3,2024-03-30,42045,3925,222,311.19,446.74
91,1000,5,4,2,2024-03-31,28691,1660,264,977.57,13128.31
92,1006,1,1,2,2024-04-01,13424,2973,5,2021.87,3699.83
93,1006,1,4,1,2024-04-02,19852,3932,75,4744.12,3330.3
94,1007,3,4,2,2024-04-03,23601,3271,482,791.88,11093.32
95,1004,3,4,2,2024-04-04,19020,4441,182,3841.23,4936.24
96,1002,5,4,1,2024-04-05,9155,4785,461,632.54,7689.46
97,1007,1,3,1,2024-04-06,4583,2437,193,4908.16,2605.16
98,1005,5,4,3,2024-04-07,16515,4773,295,1969.92,14404.24
99,1002,3,2,2,2024-04-08,37777,991,12,3898.65,12803.4
100,1000,3,1,1,2024-04-09,20710,4975,257,1778.7,12984.09
101,1002,1,3,3,2024-04-10,44178,2616,412,3175.58,6220.25
102,1004,4,4,3,2024-04-11,25532,1025,471,1040.88,11482.95
103,1002,2,3,2,2024-04-12,19601,1004,296,815.5,2329.37
104,1000,3,4,2,2024-04-13,5967,1312,438,4696.51,327.56
105,1004,3,2,3,2024-04-14,19753,993,248,4596.47,495.6
106,1009,4,1,1,2024-04-15,21022,2252,127,4448.6,8881.71
107,1006,4,4,3,2024-04-16,44463,3377,303,3164.62,6939.84
108,1006,5,4,2,2024-04-17,10135,4324,287,4060.51,7866.63
109,1008,5,4,1,2024-04-18,6722,2309,36,438.28,310.45
110,1009,2,4,1,2024-04-19,28413,1878,338,1740.47,6455.76
111,1009,2,1,3,2024-04-20,28236,1307,381,1637.15,10827.41
112,1002,1,1,2,2024-04-21,16514,514,150,3214.66,6751.87
113,1006,5,2,3,2024-04-22,44896,3344,160,1844.19,11036.84
114,1000,3,1,3,2024-04-23,38212,1280,417,827.68,3648.68
115,1003,5,4,3,2024-04-24,41386,2704,20,3022.69,12234.5
116,1003,3,2,1,2024-04-25,21331,934,359,4090.48,8908.78
117,1004,4,2,1,2024-04-26,19060,3855,51,1972.41,3319.29
118,1006,5,2,2,2024-04-27,2196,3906,255,748.12,3703.46
119,1006,4,4,2,2024-04-28,13297,3185,191,1063.77,9494.85
120,1003,2,3,3,2024-04-29,3787,974,35,1263.67,12483.11
121,1006,2,4,3,2024-04-30,24816,4639,264,1569.5,6351.29
122,1002,1,1,3,2024-05-01,41695,1596,425,3249.7,4022.85
123,1005,5,1,2,2024-05-02,20702,1144,21,3044.63,13031.77
124,1001,4,4,1,2024-05-03,26242,2461,43,3510.79,10105.17
125,1009,3,4,1,2024-05-04,3176,2667,308,1876.26,6831.67
126,1008,2,2,3,2024-05-05,21127,812,434,4137.59,7420.92
127,1004,2,4,3,2024-05-06,42560,2373,478,1100.03,3223.0
128,1005,3,2,3,2024-05-07,28228,4195,436,2398.3,9476.68
129,1003,4,1,3,2024-05-08,21208,2825,43,4024.6,5509.39
130,1009,4,2,2,2024-05-09,29482,4709,493,982.78,14935.55
131,1006,5,4,1,2024-05-10,10171,4928,136,638.33,7306.72
132,1008,5,1,3,2024-05-11,36219,3205,34,4430.05,7391.11
133,1006,1,3,2,2024-05-12,34396,4020,162,1780.36,8574.61
134,1000,2,2,3,2024-05-13,43589,2090,282,3450.96,13767.99
135,1000,5,1,3,2024-05-14,41546,633,207,224.21,12052.11
136,1008,4,2,1,2024-05-15,4696,4381,70,3481.23,6876.73
137,1008,3,1,3,2024-05-16,21058,2153,112,1648.9,10836.75
138,1003,4,1,1,2024-05-17,21313,1992,272,373.13,8876.29
139,1008,2,2,1,2024-05-18,20149,4505,226,3088.08,7487.03
140,1002,4,3,1,2024-05-19,46740,159,296,1279.94,3046.27
141,1006,1,1,2,2024-05-20,42075,241,22,1995.36,7066.26
142,1005,2,1,2,2024-05-21,5956,953,94,494.85,3838.12
143,1007,3,1,1,2024-05-22,11195,911,185,821.1,13739.66
144,1008,1,3,3,2024-05-23,18076,1133,259,1560.09,5164.02
145,1004,2,3,1,2024-05-24,2105,699,459,539.82,14293.51
146,1000,3,4,3,2024-05-25,16417,4184,257,4563.05,8089.22
147,1002,1,2,1,2024-05-26,25729,3661,261,129.63,9546.86
148,1009,1,3,3,2024-05-27,47956,686,387,2470.92,8235.52
149,1007,2,2,2,2024-05-28,31099,1086,446,703.91,2114.83
150,1005,5,4,3,2024-05-29,33598,4181,350,1607.63,5762.15
151,1007,1,2,1,2024-05-30,30961,2198,91,4637.69,1667.36
152,1008,1,3,2,2024-05-31,13602,3915,94,892.3,9419.72
153,1003,3,2,3,2024-06-01,10256,3207,241,4832.58,6813.74
154,1000,4,3,3,2024-06-02,21584,3637,394,1108.39,11714.18
155,1000,2,2,3,2024-06-03,47980,3344,74,3733.67,3462.96
156,1009,2,3,3,2024-06-04,35681,4311,48,2778.72,2635.58
157,1003,5,3,3,2024-06-05,26792,2480,204,4433.95,6213.72
158,1006,5,2,2,2024-06-06,22904,1929,156,2814.57,13913.46
159,1001,2,4,2,2024-06-07,44361,4016,90,2719.34,10714.24
160,1002,5,1,2,2024-06-08,35540,3763,23,1057.74,6400.07
161,1000,3,4,2,2024-06-09,27536,4176,105,914.52,7855.63
162,1004,2,2,1,2024-06-10,20164,4156,406,4590.8,1446.35
163,1000,5,4,2,2024-06-11,13996,2061,99,1706.41,14771.72
164,1007,2,3,3,2024-06-12,3871,3423,258,1923.2,10062.83
165,1000,4,1,3,2024-06-13,47002,2193,361,3823.14,4423.98
166,1000,1,2,2,2024-06-14,23626,2550,34,1760.24,8869.96
167,1001,2,2,3,2024-06-15,11521,4631,253,4765.11,1820.34
168,1001,1,2,2,2024-06-16,44410,1339,430,3715.85,14494.38
169,1005,5,1,3,2024-06-17,2132,1497,37,3027.4,2786.82
170,1006,1,3,1,2024-06-18,34467,3249,462,4416.39,9790.85
171,1004,2,2,1,2024-06-19,15534,1993,233,343.07,3832.73
172,1000,4,4,2,2024-06-20,24854,3233,16,1359.61,10819.91
173,1000,5,2,2,2024-06-21,43998,3266,122,2378.68,11696.96
174,1002,2,2,2,2024-06-22,40065,3186,354,1212.19,10166.61
175,1001,5,2,3,2024-06-23,46607,3368,159,3745.14,9294.59
176,1004,3,2,2,2024-06-24,8812,2832,427,4604.12,13408.54
177,1009,1,3,1,2024-06-25,5557,1040,397,2176.47,1363.68
178,1005,3,4,3,2024-06-26,3179,4970,250,1776.45,5097.54
179,1006,2,3,2,2024-06-27,44798,2203,409,4811.6,3874.65
180,1003,4,4,3,2024-06-28,10065,275,336,2279.78,14822.61
181,1006,5,2,3,2024-06-29,9275,826,251,2496.34,5962.97
182,1007,1,1,2,2024-06-30,48857,2887,33,1823.08,11042.67
183,1000,5,3,3,2024-07-01,36948,737,165,4556.79,10333.93
184,1005,2,1,1,2024-07-02,21700,579,239,2887.88,3338.8
185,1007,5,3,1,2024-07-03,40464,3492,194,3834.66,3737.17
186,1004,1,2,3,2024-07-04,43351,2203,121,4077.85,4363.01
187,1003,2,3,2,2024-07-05,28794,1344,275,1775.06,6284.68
188,1001,5,2,3,2024-07-06,29783,1576,262,2225.1,3668.01
189,1005,4,3,1,2024-07-07,17998,4824,184,4257.51,490.84
190,1005,2,2,3,2024-07-08,14869,2946,491,1879.95,13215.02
191,1000,2,2,3,2024-07-09,45525,3153,377,3990.28,14491.03
192,1008,4,4,1,2024-07-10,29152,2490,176,4710.86,5255.24
193,1005,3,2,3,2024-07-11,21954,4185,442,3153.73,5209.9
194,1002,1,4,3,2024-07-12,32555,3852,278,3733.97,304.96
195,1003,3,2,2,2024-07-13,17654,894,263,4044.98,10267.71
196,1003,5,1,2,2024-07-14,46026,496,139,4240.69,12416.51
197,1002,4,2,1,2024-07-15,36236,3965,175,2035.76,2369.8
198,1009,3,1,1,2024-07-16,47976,3159,214,351.19,2563.06
199,1002,2,1,1,2024-07-17,16042,1284,240,2069.19,11893.23
200,1002,5,2,2,2024-07-18,26966,276,426,3401.41,9321.1
201,1003,5,1,1,2024-07-19,49407,4193,425,2306.72,863.94
202,1006,3,4,1,2024-07-20,45314,3009,190,3769.92,9413.7
203,1003,3,3,1,2024-07-21,46095,1880,421,1849.21,4771.98
204,1008,4,2,2,2024-07-22,15270,3829,368,3210.25,5657.13
205,1000,1,1,3,2024-07-23,31908,236,447,1013.46,11592.02
206,1007,3,2,1,2024-07-24,16523,2927,99,3771.91,12201.84
207,1006,3,4,3,2024-07-25,48068,2585,382,2773.91,6125.28
208,1001,2,2,1,2024-07-26,20991,1982,15,1099.92,14217.86
209,1007,5,2,3,2024-07-27,11775,2974,72,1530.36,6215.65
210,1000,1,1,2,2024-07-28,13265,898,383,3768.18,11623.17
211,1008,2,4,2,2024-07-29,20459,2082,214,2464.75,7361.38
212,1008,4,3,1,2024-07-30,17673,1302,200,1158.55,13483.48
213,1001,4,3,3,2024-07-31,28056,1931,373,4839.63,13634.87
214,1006,3,1,2,2024-08-01,7614,319,102,3604.11,1493.77
215,1009,3,2,1,2024-08-02,37020,1680,97,4789.96,14060.1
216,1002,4,1,1,2024-08-03,8415,4455,476,2192.81,12417.92
217,1006,3,1,2,2024-08-04,24155,3253,26,2427.99,11911.4
218,1009,1,1,2,2024-08-05,44884,1624,454,4499.98,3173.49
219,1008,3,2,1,2024-08-06,17964,2942,176,2672.74,12115.76
220,1003,5,4,3,2024-08-07,38726,1745,387,3565.67,12781.96
221,1000,3,1,3,2024-08-08,38044,3308,138,1335.65,4479.42
222,1001,2,2,3,2024-08-09,38544,3312,430,2288.96,14293.45
223,1000,1,4,1,2024-08-10,33252,1495,29,704.9,937.93
224,1004,2,1,2,2024-08-11,4832,269,189,1109.3,2418.66
225,1004,2,3,1,2024-08-12,26275,102,89,104.62,8156.2
226,1006,5,4,2,2024-08-13,15901,1807,59,292.4,8721.73
227,1008,1,1,3,2024-08-14,39213,1716,255,4888.69,9748.22
228,1008,1,4,3,2024-08-15,35148,2835,148,1287.53,451.14
229,1002,1,4,2,2024-08-16,43633,769,355,3350.22,14413.43
230,1002,1,4,2,2024-08-17,23918,455,402,4211.59,859.9
231,1002,1,4,1,2024-08-18,47694,2344,171,2798.24,2317.32
232,1003,5,4,3,2024-08-19,20540,121,416,850.41,407.41
233,1007,3,4,1,2024-08-20,12580,2103,228,3667.77,8589.5
234,1005,2,1,1,2024-08-21,39402,1279,224,3041.23,13997.55
235,1007,1,3,1,2024-08-22,39578,1617,183,3683.13,10056.02
236,1000,3,2,3,2024-08-23,25917,3732,123,3871.76,12375.33
237,1007,3,4,1,2024-08-24,23318,3003,437,4879.51,396.56
238,1003,2,2,1,2024-08-25,11179,4532,269,2910.46,8221.83
239,1000,5,1,1,2024-08-26,13251,748,446,1774.04,7001.53
240,1007,4,4,1,2024-08-27,46899,876,433,3277.48,7584.73
241,1003,4,3,1,2024-08-28,20493,398,154,435.36,1268.76
242,1005,3,2,1,2024-08-29,21466,3958,420,4497.25,10329.64
243,1007,2,4,3,2024-08-30,31206,357,457,684.97,7647.66
244,1003,4,1,1,2024-08-31,46475,3466,219,1706.43,11524.2
245,1002,3,3,2,2024-09-01,20624,2384,201,4097.15,7382.3
246,1008,5,2,1,2024-09-02,27564,4911,46,3026.83,2410.85
247,1002,4,2,1,2024-09-03,23412,4870,57,2028.81,9794.2
248,1008,3,4,3,2024-09-04,28990,2859,484,2419.83,2751.32
249,1001,3,3,3,2024-09-05,36517,3608,447,4287.28,13111.44
250,1001,1,3,2,2024-09-06,14156,4528,334,1766.02,9274.12
251,1001,5,3,2,2024-09-07,24064,3527,255,4361.28,2526.62
252,1005,1,3,3,2024-09-08,26711,4670,299,531.86,14442.6
253,1002,2,1,3,2024-09-09,31106,2736,382,3906.31,7871.81
254,1008,1,3,1,2024-09-10,17589,3035,275,4252.98,1278.9
255,1003,1,2,3,2024-09-11,24736,325,459,990.91,9477.13
256,1000,4,2,2,2024-09-12,21975,2597,417,2208.7,3947.34
257,1003,3,1,1,2024-09-13,37218,2814,127,910.95,12094.66
258,1000,5,2,2,2024-09-14,8214,386,371,3562.36,12303.77
259,1004,1,2,1,2024-09-15,31581,2023,391,2723.2,14688.42
260,1003,5,3,3,2024-09-16,21195,3029,343,3213.08,7627.67
261,1007,1,2,2,2024-09-17,45582,4626,270,1062.79,6933.36
262,1007,2,1,1,2024-09-18,28127,4018,352,1137.55,11351.44
263,1006,1,3,1,2024-09-19,6141,960,33,303.34,2160.57
264,1002,4,4,3,2024-09-20,29884,2046,467,1678.13,8294.35
265,1000,3,3,3,2024-09-21,25885,3179,39,2842.75,8284.46
266,1000,2,1,3,2024-09-22,3708,4254,10,4303.88,1524.2
267,1002,1,3,2,2024-09-23,19375,3807,400,3367.94,6386.16
268,1005,5,3,1,2024-09-24,16088,377,115,2233.44,12828.62
269,1006,2,1,3,2024-09-25,45602,1849,298,4770.29,12871.07
270,1005,2,3,2,2024-09-26,46046,364,81,3624.3,1668.72
271,1005,1,1,2,2024-09-27,11014,3595,353,4657.81,1542.67
272,1005,2,1,2,2024-09-28,4273,1184,151,2685.18,4087.89
273,1002,5,4,3,2024-09-29,48135,2796,71,1368.63,13146.54
274,1005,2,2,3,2024-09-30,38306,4926,396,358.85,2107.76
275,1007,5,2,1,2024-10-01,31881,1570,12,3657.82,10855.95
276,1001,1,3,1,2024-10-02,32486,205,126,694.38,1697.25
277,1004,3,3,3,2024-10-03,13541,1774,344,1583.6,9422.44
278,1000,2,4,2,2024-10-04,9712,3393,179,2709.11,5469.8
279,1000,3,4,2,2024-10-05,10168,936,392,2865.64,11875.93
280,1004,5,4,2,2024-10-06,4551,3123,183,3042.86,3658.62
281,1002,2,1,1,2024-10-07,13297,2855,89,914.65,9660.19
282,1003,4,4,2,2024-10-08,44733,771,455,1960.71,3688.1
283,1002,3,4,1,2024-10-09,28128,962,49,3124.25,10762.17
284,1000,2,3,1,2024-10-10,3832,3407,140,4852.11,13130.43
285,1000,3,4,2,2024-10-11,29483,920,347,3665.39,2076.67
286,1004,2,1,2,2024-10-12,23063,4158,20,4620.76,13025.62
287,1005,1,1,3,2024-10-13,23963,547,337,3834.84,8984.91
288,1002,3,3,3,2024-10-14,14422,1806,199,2999.41,2081.24
289,1008,4,4,2,2024-10-15,33920,1167,13,1040.91,6527.62
290,1004,4,4,1,2024-10-16,12156,3459,320,3366.76,2580.73
291,1007,5,1,1,2024-10-17,12108,2878,338,3154.56,10565.15
292,1000,2,4,1,2024-10-18,32845,1697,337,3052.1,11431.25
293,1004,3,4,1,2024-10-19,3800,3033,331,2499.95,1765.79
294,1002,5,4,1,2024-10-20,39078,192,19,2690.42,7690.87
295,1000,3,2,3,2024-10-21,43712,2811,331,1738.77,12256.45
296,1003,2,3,2,2024-10-22,3610,3485,106,2644.63,14055.21
297,1004,4,2,3,2024-10-23,13067,4710,230,1068.02,7800.06
298,1006,1,3,1,2024-10-24,34872,2481,429,4045.35,14264.13
299,1000,4,1,1,2024-10-25,11728,4562,282,1010.31,8128.2
300,1002,5,4,1,2024-10-26,30566,1898,412,516.33,6034.02
301,1001,1,3,1,2024-10-27,30783,2746,117,2237.61,12753.41
302,1008,5,2,2,2024-10-28,21583,1767,489,3325.71,7496.14
303,1009,2,4,1,2024-10-29,21238,3122,432,2244.81,7184.16
304,1005,1,1,2,2024-10-30,8263,1117,5,1456.1,7456.62
305,1009,5,3,1,2024-10-31,2914,2836,270,2835.04,12732.42
306,1002,2,3,2,2024-11-01,24749,3841,495,1800.31,12512.73
307,1007,4,3,3,2024-11-02,20456,1338,212,4671.05,6172.1
308,1007,2,4,1,2024-11-03,26582,3921,114,4620.96,5132.84
309,1001,3,2,2,2024-11-04,1406,1856,204,2561.62,7480.53
310,1005,2,2,3,2024-11-05,14689,1554,444,1706.63,8677.03
311,1006,2,3,1,2024-11-06,33934,3358,373,3711.95,3727.39
312,1001,3,1,1,2024-11-07,34276,3001,477,279.89,11950.54
313,1009,5,1,1,2024-11-08,37432,121,310,2426.37,7399.94
314,1001,5,2,2,2024-11-09,20873,1740,16,1747.98,5143.87
315,1009,2,1,2,2024-11-10,14050,1394,349,4610.63,1780.95
316,1000,3,2,3,2024-11-11,1680,3353,469,158.81,3734.91
317,1007,3,3,2,2024-11-12,19908,3163,192,2808.79,14249.36
318,1000,4,2,2,2024-11-13,19504,932,158,3729.25,4715.48
319,1008,5,2,1,2024-11-14,22644,4284,498,2476.59,2699.12
320,1005,1,3,1,2024-11-15,38125,2712,372,518.47,7017.96
321,1006,5,1,1,2024-11-16,2363,1554,338,4865.06,4744.9
322,1009,5,2,1,2024-11-17,43291,2513,429,2638.25,720.36
323,1006,4,2,1,2024-11-18,36060,2603,424,3109.51,4982.55
324,1009,1,3,1,2024-11-19,2538,782,381,1259.39,8252.81
325,1002,4,1,1,2024-11-20,37176,1798,283,2469.14,8365.34
326,1001,1,2,3,2024-11-21,42520,3974,175,2202.83,5477.07
327,1008,2,3,3,2024-11-22,26675,473,138,466.99,6820.08
328,1007,1,2,3,2024-11-23,19287,3528,499,620.19,14489.67
329,1009,4,4,3,2024-11-24,1174,1641,457,4203.62,5784.76
330,1006,5,3,1,2024-11-25,27732,4535,431,1275.12,4021.76
331,1008,1,1,3,2024-11-26,35998,4487,29,1055.3,3803.31
332,1003,1,1,1,2024-11-27,38055,4759,22,2574.07,6974.92
333,1003,3,1,3,2024-11-28,13112,542,194,3866.86,11440.9
334,1000,5,1,2,2024-11-29,40874,241,145,403.54,3248.63
335,1007,2,2,3,2024-11-30,10689,548,47,2926.36,10697.58
336,1002,4,2,3,2024-12-01,45814,4967,338,684.13,513.02
337,1006,2,1,1,2024-12-02,20555,1306,288,278.66,6400.21
338,1001,5,1,3,2024-12-03,34919,2018,150,358.45,11682.8
339,1001,1,1,2,2024-12-04,8619,4372,319,4187.4,5213.25
340,1006,1,2,1,2024-12-05,7033,2236,448,678.07,8543.31
341,1005,5,1,1,2024-12-06,42328,866,323,321.24,3233.69
342,1002,1,1,3,2024-12-07,5946,3270,445,2245.71,11181.53
343,1008,1,4,1,2024-12-08,25618,1523,96,4235.57,973.73
344,1009,1,4,1,2024-12-09,35675,1136,183,1385.8,12817.63
345,1005,4,1,1,2024-12-10,37258,4249,60,2166.39,3133.31
346,1009,4,3,1,2024-12-11,19919,1924,159,295.62,13141.09
347,1009,3,1,1,2024-12-12,5173,920,164,2300.48,5417.43
348,1005,2,4,1,2024-12-13,44833,4813,115,2930.3,10895.72
349,1000,5,3,2,2024-12-14,27400,2092,141,2897.44,4924.53
350,1003,5,3,3,2024-12-15,5769,322,236,1728.89,13607.49
351,1009,5,1,2,2024-12-16,38564,1079,484,1646.11,2074.23
352,1005,3,4,1,2024-12-17,46814,3268,472,622.46,2842.09
353,1005,4,4,1,2024-12-18,15211,4119,224,1897.31,7496.85
354,1004,3,3,3,2024-12-19,24255,1101,485,587.52,1412.69
355,1000,5,1,2,2024-12-20,28962,4083,72,3856.32,3100.51
356,1007,2,2,3,2024-12-21,20356,1623,306,4834.74,14167.74
357,1004,1,2,2,2024-12-22,21306,3240,253,4853.36,14652.05
358,1004,4,4,1,2024-12-23,5997,4438,486,4338.85,5768.64
359,1006,4,2,3,2024-12-24,18376,3847,327,3043.88,13864.63
360,1003,3,4,3,2024-12-25,41880,3339,414,3534.24,8263.41
361,1005,4,4,1,2024-12-26,39055,3797,396,1497.51,4192.19
362,1003,5,4,3,2024-12-27,11578,2155,10,3190.78,10595.5
363,1002,5,2,2,2024-12-28,19624,357,468,2332.68,9951.75
364,1006,3,4,2,2024-12-29,40194,3409,284,2461.88,14839.05
365,1007,5,3,2,2024-12-30,45367,3226,436,3813.11,4122.7
366,1003,2,1,2,2024-12-31,1389,1301,491,1481.4,10146.48
367,1001,3,1,1,2025-01-01,34767,2797,98,1658.39,969.95
368,1009,2,4,3,2025-01-02,46580,1567,433,4630.74,1881.96
369,1002,1,1,2,2025-01-03,49367,1428,273,375.5,257.99
370,1000,2,2,1,2025-01-04,2855,4941,201,2479.61,14992.02
371,1007,1,2,3,2025-01-05,41893,2011,29,4572.72,12073.65
372,1002,1,1,3,2025-01-06,14794,4355,152,3090.78,11843.5
373,1009,2,2,1,2025-01-07,36531,2913,122,2777.39,7743.95
374,1006,3,1,1,2025-01-08,5986,2706,342,1323.75,4640.99
375,1009,5,1,2,2025-01-09,33298,2544,371,1782.05,2438.71
376,1004,5,1,3,2025-01-10,2481,4617,342,4275.04,4413.19
377,1009,1,4,3,2025-01-11,4731,4055,70,2840.17,5764.37
378,1004,1,1,1,2025-01-12,17835,3613,462,2622.24,11393.39
379,1006,3,4,3,2025-01-13,28798,972,305,587.94,8186.99
380,1008,4,1,2,2025-01-14,27113,4282,374,178.54,1346.76
381,1004,2,1,3,2025-01-15,20477,4512,179,4822.06,466.83
382,1000,1,1,1,2025-01-16,18266,3009,323,1947.23,1714.52
383,1009,5,2,1,2025-01-17,21792,233,80,3055.74,6275.38
384,1009,3,4,2,2025-01-18,21452,3408,499,490.6,14011.26
385,1000,2,4,2,2025-01-19,44526,1448,465,3447.26,9633.56
386,1001,3,1,3,2025-01-20,42334,2846,118,4669.58,12067.02
387,1005,2,1,3,2025-01-21,12889,586,115,2920.76,7102.34
388,1008,2,2,1,2025-01-22,25335,1323,253,717.97,5552.66
389,1007,1,2,2,2025-01-23,12254,3017,443,2950.44,1804.33
390,1004,3,2,2,2025-01-24,22074,3099,207,3855.1,13163.81
391,1000,3,4,2,2025-01-25,12442,1146,151,2091.44,11790.77
392,1006,5,4,3,2025-01-26,47289,1355,39,4411.2,2688.15
393,1004,5,4,2,2025-01-27,38327,965,491,3278.55,7781.46
394,1005,1,1,1,2025-01-28,17199,3131,313,4506.32,7413.15
395,1006,1,4,1,2025-01-29,8291,4297,30,3155.18,9451.35
396,1002,4,3,3,2025-01-30,41928,1078,242,743.31,14203.57
397,1009,5,3,3,2025-01-31,1112,2027,18,1617.49,8780.62
398,1002,2,2,2,2025-02-01,22515,3404,378,1088.8,8195.22
399,1004,3,4,3,2025-02-02,20581,2561,49,4553.25,944.78
400,1005,1,3,1,2025-02-03,49692,320,432,3825.96,1131.03
401,1008,3,2,2,2025-02-04,27500,1236,220,3414.35,2972.73
402,1004,3,4,1,2025-02-05,33026,4605,237,1574.73,680.57
403,1000,4,1,2,2025-02-06,17523,4250,197,1001.82,11201.62
404,1003,5,3,3,2025-02-07,2424,3814,55,3806.61,10905.29
405,1004,1,1,2,2025-02-08,20552,2448,431,2423.37,2213.63
406,1009,3,4,2,2025-02-09,11808,4579,379,1206.37,12573.97
407,1009,1,3,1,2025-02-10,39811,4285,218,3121.45,2490.83
408,1004,2,4,1,2025-02-11,7989,4232,155,297.64,4657.4
409,1006,4,1,2,2025-02-12,24620,1761,444,1698.23,3884.86
410,1003,2,3,3,2025-02-13,40029,2280,279,2395.93,5710.15
411,1000,1,1,3,2025-02-14,1887,178,342,825.0,3969.02
412,1004,1,4,1,2025-02-15,32802,1319,80,4924.81,7436.47
413,1006,5,4,3,2025-02-16,20488,3722,443,1124.58,6229.64
414,1009,3,1,1,2025-02-17,31013,1651,224,738.73,14801.23
415,1009,3,3,3,2025-02-18,17402,4815,352,1097.32,1027.71
416,1005,2,1,2,2025-02-19,22205,4020,448,3868.4,2304.28
417,1004,4,4,1,2025-02-20,27049,4294,191,2184.98,981.82
418,1003,3,1,1,2025-02-21,13253,4997,293,2870.54,9462.45
419,1001,5,4,2,2025-02-22,19990,677,407,202.94,1006.74
420,1003,2,1,1,2025-02-23,8846,3847,32,268.71,12579.31
421,1009,2,3,3,2025-02-24,26027,2094,383,2284.55,7776.69
422,1009,5,3,3,2025-02-25,40200,3602,184,4101.61,7999.71
423,1002,4,1,1,2025-02-26,47220,2391,257,4437.67,8511.6
424,1009,5,1,3,2025-02-27,47163,3264,130,524.86,2728.04
425,1000,4,3,1,2025-02-28,4765,299,181,2737.98,3125.82
426,1007,5,4,2,2025-03-01,16950,2975,41,4574.83,4918.5
427,1004,5,3,1,2025-03-02,46270,1024,414,2001.07,8983.75
428,1003,1,4,2,2025-03-03,10741,1375,103,4164.87,3309.74
429,1007,2,1,3,2025-03-04,23742,1033,102,755.11,1921.71
430,1006,5,1,2,2025-03-05,25703,938,131,4683.43,14557.73
431,1001,5,4,3,2025-03-06,39709,2987,487,3781.97,525.33
432,1000,3,1,1,2025-03-07,38623,2167,172,4712.54,12079.92
433,1003,2,4,3,2025-03-08,23931,2722,84,3415.42,11862.92
434,1007,3,2,1,2025-03-09,24580,1376,298,1880.68,4598.77
435,1001,2,3,1,2025-03-10,16166,520,337,4697.09,2207.27
436,1002,3,2,2,2025-03-11,30240,2037,130,1450.28,2355.3
437,1000,5,4,2,2025-03-12,26991,140,347,1727.65,10521.99
438,1000,5,3,2,2025-03-13,39556,579,314,3533.96,9713.54
439,1002,1,4,2,2025-03-14,33969,4806,154,3850.05,11784.64
440,1004,3,3,3,2025-03-15,11561,4109,20,4654.08,14074.72
441,1002,4,3,3,2025-03-16,17901,4884,32,1103.53,10440.52
442,1000,1,3,3,2025-03-17,41505,2823,423,4010.19,2506.6
443,1000,3,3,1,2025-03-18,31020,1736,448,3718.88,3802.95
444,1007,3,4,3,2025-03-19,26917,241,177,412.59,12664.47
445,1009,1,3,3,2025-03-20,2988,2036,50,1997.39,3297.73
446,1001,5,3,3,2025-03-21,49209,3673,332,1485.55,1273.33
447,1002,3,2,2,2025-03-22,45505,2235,240,1592.0,10608.54
448,1001,5,1,3,2025-03-23,15256,4490,443,4916.44,6157.39
449,1002,1,1,1,2025-03-24,23192,1058,218,3249.61,13816.59
450,1006,5,2,2,2025-03-25,29230,3833,89,3616.61,9823.78
451,1000,2,2,1,2025-03-26,40930,4348,286,4885.43,1538.2
452,1009,4,4,3,2025-03-27,46833,4718,236,1948.29,14228.28
453,1007,3,4,2,2025-03-28,23625,4337,89,4029.02,4026.65
454,1009,4,4,1,2025-03-29,33088,2102,413,2229.2,5190.74
455,1009,5,2,3,2025-03-30,15114,3358,493,4360.71,6153.45
456,1009,3,2,1,2025-03-31,42167,1766,69,985.22,958.12
457,1001,5,3,1,2025-04-01,39401,360,138,4743.66,7548.43
458,1002,2,4,1,2025-04-02,6755,4588,155,1171.98,2025.11
459,1008,1,4,3,2025-04-03,11825,1310,119,1698.48,6134.36
460,1006,3,4,3,2025-04-04,23693,3982,68,3805.34,5390.5
461,1003,2,1,1,2025-04-05,5117,3318,347,2029.4,11638.03
462,1009,2,3,2,2025-04-06,25729,634,431,3080.24,12086.92
463,1004,3,4,2,2025-04-07,33182,2849,367,2278.41,2470.51
464,1001,5,4,3,2025-04-08,29890,409,411,3737.61,5624.96
465,1007,2,4,3,2025-04-09,30340,2916,356,1218.82,5725.63
466,1003,4,1,3,2025-04-10,2518,2061,162,386.44,2440.87
467,1008,2,1,3,2025-04-11,31949,4989,81,1569.65,12017.11
468,1004,5,2,3,2025-04-12,23547,4056,495,2424.11,10666.98
469,1008,5,3,2,2025-04-13,17346,1675,150,923.3,3017.65
470,1003,4,2,3,2025-04-14,3600,2814,347,1838.51,5627.48
471,1009,2,3,1,2025-04-15,47005,940,467,2059.92,1765.91
472,1004,5,1,1,2025-04-16,30267,781,229,381.22,9497.46
473,1008,3,4,2,2025-04-17,37322,4011,409,2958.21,1996.3
474,1007,1,2,1,2025-04-18,27990,4751,317,4433.28,14791.83
475,1002,1,4,2,2025-04-19,17193,2554,107,843.54,11754.09
476,1000,1,2,2,2025-04-20,31109,664,411,3029.26,5975.53
477,1002,2,1,1,2025-04-21,20233,3856,351,3357.22,8762.75
478,1003,4,1,3,2025-04-22,49021,1769,305,2154.74,13687.86
479,1001,5,1,1,2025-04-23,17194,4819,432,3535.38,8400.67
480,1000,3,2,1,2025-04-24,35510,1637,470,2112.58,2782.58
481,1006,3,3,2,2025-04-25,2306,1661,92,2572.72,5804.81
482,1007,2,2,1,2025-04-26,4849,946,375,136.03,12678.54
483,1006,1,3,2,2025-04-27,13360,327,307,3489.43,9734.35
484,1004,2,2,3,2025-04-28,46536,4697,172,3340.58,9830.72
485,1000,4,2,3,2025-04-29,30231,1686,439,288.16,13028.96
486,1006,4,1,3,2025-04-30,46800,2208,174,1904.43,13430.8
487,1006,5,4,1,2025-05-01,37963,2482,139,4897.26,13812.93
488,1008,5,4,2,2025-05-02,19689,3954,54,2161.61,1603.77
489,1002,4,3,3,2025-05-03,30084,4906,436,2559.53,8253.06
490,1008,4,4,2,2025-05-04,41387,3312,344,4558.66,11159.54
491,1000,4,2,2,2025-05-05,10280,1499,351,3614.58,11402.52
492,1000,2,2,3,2025-05-06,3642,4550,138,2952.14,9179.4
493,1003,4,1,3,2025-05-07,43137,1282,351,4009.24,2668.45
494,1008,3,1,2,2025-05-08,15296,4167,141,4335.39,12001.82
495,1005,1,4,3,2025-05-09,16438,727,249,2338.75,10857.65
496,1002,4,3,2,2025-05-10,49442,2708,113,2428.03,1474.81
497,1000,1,4,2,2025-05-11,38525,2078,317,1991.65,7064.39
498,1003,2,4,3,2025-05-12,3994,3808,291,4836.86,2774.87
499,1008,1,4,1,2025-05-13,48994,4674,25,3516.11,5194.66
500,1002,2,4,3,2025-05-14,35039,2087,94,507.79,467.6
501,1008,3,2,1,2025-05-15,2813,2699,300,4328.5,6124.88
502,1006,2,3,2,2025-05-16,28491,706,116,2454.74,8338.18
503,1003,2,2,2,2025-05-17,19845,215,305,436.89,9369.82
504,1002,5,3,1,2025-05-18,42243,4994,81,2793.61,10019.66
505,1009,4,1,2,2025-05-19,38164,4641,181,2144.1,12577.11
506,1004,4,4,1,2025-05-20,43051,639,347,4400.97,3388.85
507,1004,3,2,1,2025-05-21,14318,4574,152,1099.57,1983.13
508,1002,3,3,2,2025-05-22,18200,2871,105,4149.68,12802.75
509,1008,4,1,1,2025-05-23,1082,4308,250,2832.67,2517.87
510,1003,5,1,3,2025-05-24,2920,1312,121,367.59,14626.45
511,1004,4,4,3,2025-05-25,41585,121,96,4862.04,12669.57
512,1003,5,3,2,2025-05-26,12683,3566,405,2611.81,7612.97
513,1004,3,2,2,2025-05-27,12336,4800,32,1525.3,14725.04
514,1006,1,4,1,2025-05-28,16596,3630,429,2400.09,1641.18
515,1008,3,2,1,2025-05-29,3093,318,454,4303.5,4685.37
516,1006,3,1,1,2025-05-30,13905,1826,29,1594.03,9645.72
517,1004,2,2,1,2025-05-31,25351,2512,62,1044.11,5380.1
518,1009,2,2,3,2025-06-01,31981,1318,301,732.45,13939.91
519,1009,2,4,3,2025-06-02,9367,1065,138,1559.51,1171.27
520,1006,2,2,2,2025-06-03,6285,2772,335,3922.24,8331.3
521,1009,5,4,1,2025-06-04,44664,1133,253,2410.97,8944.82
522,1004,4,1,1,2025-06-05,38705,4151,42,1214.66,9860.38
523,1002,1,4,2,2025-06-06,17753,456,394,914.31,3983.86
524,1006,3,4,1,2025-06-07,19485,3126,433,1730.37,5595.58
525,1001,5,3,1,2025-06-08,13977,1035,79,4705.63,12686.47
526,1008,1,2,1,2025-06-09,20874,3653,146,1780.83,3085.15
527,1009,5,1,1,2025-06-10,8674,4535,326,4941.81,12437.64
528,1009,5,4,1,2025-06-11,30038,759,172,2477.63,8527.3
529,1000,3,1,2,2025-06-12,30315,2668,263,977.9,11480.38
530,1005,4,3,1,2025-06-13,4676,4899,377,4466.59,10761.39
531,1006,2,2,2,2025-06-14,3426,1461,359,2355.74,3271.17
532,1007,4,4,1,2025-06-15,25473,4671,229,3577.39,8618.43
533,1009,3,2,3,2025-06-16,3962,1535,156,4920.19,13042.3
534,1008,3,3,3,2025-06-17,30943,3000,23,345.86,6595.32
535,1001,3,3,3,2025-06-18,1859,4701,150,573.8,14505.54
536,1009,1,1,3,2025-06-19,45816,2984,452,3630.24,6892.78
537,1001,4,4,2,2025-06-20,5138,4164,245,1480.94,2313.23
538,1004,4,1,2,2025-06-21,36192,4720,376,1003.08,5963.63
539,1004,5,3,1,2025-06-22,26640,1053,385,292.87,14285.2
540,1005,5,2,3,2025-06-23,11409,2516,348,207.05,4931.87
541,1002,5,1,2,2025-06-24,5017,2516,241,3894.98,13047.85
542,1007,3,1,1,2025-06-25,11451,1988,39,758.72,13242.51
543,1000,4,2,1,2025-06-26,29327,1989,194,2391.83,5382.76
544,1005,3,1,2,2025-06-27,11278,1685,5,3068.89,1432.21
545,1003,1,2,3,2025-06-28,25944,1748,488,2198.92,10923.46
546,1000,5,4,1,2025-06-29,44764,4577,157,232.82,4810.38
547,1006,3,2,3,2025-06-30,2134,2141,433,3939.16,11787.27
548,1008,3,4,3,2025-07-01,31131,1945,437,151.51,6751.29
549,1003,1,2,3,2025-07-02,38887,4290,130,3833.26,7381.95
550,1003,2,3,1,2025-07-03,39462,3448,495,4477.19,11713.06
551,1005,4,3,3,2025-07-04,23520,1123,486,2220.92,5858.98
552,1002,2,4,1,2025-07-05,22869,2452,349,2724.16,6758.28
553,1005,5,4,3,2025-07-06,37932,4945,404,2437.22,5767.62
554,1006,3,3,1,2025-07-07,6039,3262,230,2007.12,5636.64
555,1009,1,4,3,2025-07-08,22281,4087,225,4448.38,7984.01
556,1009,1,2,2,2025-07-09,48399,1201,407,4480.27,12170.23
557,1002,4,2,3,2025-07-10,11442,2495,411,1745.5,5554.17
558,1006,2,3,3,2025-07-11,9252,2006,215,3113.84,7958.97
559,1002,4,1,1,2025-07-12,28586,4608,29,4641.85,10126.76
560,1001,3,2,1,2025-07-13,18568,3957,20,4814.09,4187.7
561,1009,4,4,3,2025-07-14,21810,857,186,2593.9,4307.34
562,1003,1,1,2,2025-07-15,2551,236,333,2318.84,14014.51
563,1007,1,1,2,2025-07-16,13625,4877,133,1465.6,10908.31
564,1008,5,2,1,2025-07-17,35397,4574,46,4798.47,8742.36
565,1006,5,2,2,2025-07-18,27249,1357,407,799.79,9786.26
566,1000,3,1,3,2025-07-19,2361,2334,485,2941.16,633.63
567,1002,2,1,1,2025-07-20,27149,4916,422,1484.5,9347.92
568,1008,4,3,3,2025-07-21,5370,807,340,1467.14,7740.73
569,1000,3,4,1,2025-07-22,6283,4281,240,2084.35,8277.1
570,1008,5,3,1,2025-07-23,8610,4937,364,4994.09,5519.47
571,1007,4,2,1,2025-07-24,44326,3904,443,369.33,1405.81
572,1000,5,3,1,2025-07-25,15924,4316,406,2934.85,3061.42
573,1005,4,3,2,2025-07-26,48607,2256,38,504.6,14271.02
574,1004,2,3,3,2025-07-27,45717,3608,349,857.15,6248.75
575,1005,3,3,3,2025-07-28,11626,1630,385,2253.86,7106.91
576,1009,4,4,3,2025-07-29,35761,1011,49,2601.25,980.1
577,1004,1,4,1,2025-07-30,1869,3897,138,1368.08,755.98
578,1005,1,1,2,2025-07-31,32552,3625,25,1650.64,10814.29
579,1004,4,2,3,2025-08-01,2014,925,126,526.14,8163.8
580,1004,4,3,2,2025-08-02,11103,2468,74,1585.78,7728.85
581,1003,4,1,1,2025-08-03,17986,4248,356,4836.14,3798.24
582,1002,1,1,3,2025-08-04,45781,1051,365,4729.07,11222.31
583,1002,1,1,2,2025-08-05,31471,3434,52,1740.9,2689.9
584,1003,4,4,1,2025-08-06,34458,4116,495,2897.18,3011.03
585,1008,5,3,2,2025-08-07,26069,2895,43,4557.02,7018.54
586,1001,5,3,3,2025-08-08,17873,1531,291,130.3,4436.94
587,1008,2,2,3,2025-08-09,24248,3351,494,4072.35,3862.45
588,1000,3,3,1,2025-08-10,24624,707,14,4747.01,9749.52
589,1000,5,3,1,2025-08-11,44516,2830,34,547.5,9834.38
590,1004,1,1,1,2025-08-12,30061,472,248,891.09,12402.85
591,1005,5,2,2,2025-08-13,25170,3731,278,4807.66,6382.09
592,1005,2,3,2,2025-08-14,9024,4316,448,2733.95,1281.66
593,1002,2,4,2,2025-08-15,17678,2760,92,169.56,4250.26
594,1006,3,3,1,2025-08-16,39256,502,248,1362.4,14704.08
595,1008,5,1,3,2025-08-17,21411,2447,385,2304.72,9024.63
596,1009,1,4,3,2025-08-18,44803,2025,333,3495.25,10704.11
597,1007,1,1,2,2025-08-19,20296,1707,483,3692.49,308.9
598,1005,4,3,2,2025-08-20,27293,2591,19,4977.57,7869.44
599,1007,1,4,3,2025-08-21,28172,3125,8,1508.8,755.42
600,1004,3,2,3,2025-08-22,22128,3214,195,2737.28,8624.61
601,1007,3,2,2,2025-08-23,19257,3016,172,2713.29,13827.41
602,1009,1,4,2,2025-08-24,13855,2103,13,2087.66,14532.6
603,1003,1,4,3,2025-08-25,20642,337,113,928.89,8200.18
604,1009,4,1,1,2025-08-26,36585,3267,141,4889.54,6981.43
605,1007,1,4,2,2025-08-27,21025,3904,158,4281.25,14186.25
606,1009,4,1,3,2025-08-28,5458,1497,392,2541.83,10169.43
607,1001,4,3,3,2025-08-29,6307,657,213,3055.9,1160.51
608,1004,1,1,3,2025-08-30,42701,4602,276,1213.58,7092.74
609,1008,2,4,3,2025-08-31,19425,1814,147,2764.56,3755.63
610,1003,2,4,1,2025-09-01,44427,1275,103,3505.35,7153.1
611,1005,4,3,3,2025-09-02,29273,1285,381,2624.32,6940.89
612,1000,1,4,2,2025-09-03,39506,1079,312,4952.4,8815.74
613,1008,2,4,1,2025-09-04,6668,2721,73,3095.57,5480.2
614,1000,1,2,3,2025-09-05,26934,4012,251,1917.77,2631.2
615,1004,1,2,1,2025-09-06,48195,4592,265,3883.54,7655.05
616,1003,1,3,2,2025-09-07,8697,4980,280,935.27,12487.0
617,1002,5,1,3,2025-09-08,25417,3227,83,1984.13,10027.38
618,1005,1,2,2,2025-09-09,17446,3772,150,1800.1,5207.84
619,1001,5,1,3,2025-09-10,41597,4956,115,2215.85,14045.74
620,1002,4,4,3,2025-09-11,11751,1525,262,3930.72,13700.67
621,1004,2,2,3,2025-09-12,47218,2946,97,2472.45,3298.36
622,1008,2,3,3,2025-09-13,8352,858,17,3990.67,783.38
623,1001,2,3,3,2025-09-14,14516,1028,264,2924.8,11171.37
624,1009,2,3,1,2025-09-15,24299,2513,430,1776.14,12448.63
625,1007,2,2,3,2025-09-16,32957,775,113,4068.9,14524.4
626,1001,2,1,3,2025-09-17,29927,2551,334,1267.62,13369.58
627,1004,2,4,1,2025-09-18,42094,3412,193,1199.48,9087.91
628,1006,4,1,1,2025-09-19,37412,1266,99,2572.06,8044.77
629,1007,1,1,1,2025-09-20,30493,4101,109,1378.16,612.05
630,1000,3,4,1,2025-09-21,27711,2247,12,144.53,3850.52
631,1005,5,4,1,2025-09-22,9003,2856,71,3276.66,7002.3
632,1000,3,2,1,2025-09-23,32707,828,195,2604.36,9501.86
633,1001,3,2,3,2025-09-24,4278,1022,370,2283.04,8447.33
634,1000,1,2,3,2025-09-25,8296,2860,260,4838.15,11191.01
635,1004,1,2,2,2025-09-26,26398,2173,13,2898.88,4340.55
636,1009,1,2,3,2025-09-27,36842,648,482,4330.81,8561.3
637,1008,2,4,3,2025-09-28,14261,3391,121,783.31,1504.51
638,1005,4,1,1,2025-09-29,12173,274,271,2889.11,6322.25
639,1000,2,2,1,2025-09-30,31449,890,103,4353.1,11302.38
640,1000,4,2,3,2025-10-01,42080,1864,489,2957.22,10462.33
641,1001,4,1,2,2025-10-02,2637,4859,302,3618.27,14861.51
642,1008,3,2,1,2025-10-03,32781,1156,401,1923.01,4312.79
643,1002,3,1,3,2025-10-04,14652,174,168,553.0,7573.2
644,1000,4,1,3,2025-10-05,6103,3296,380,2343.71,5077.05
645,1004,4,4,2,2025-10-06,26500,2981,145,2032.95,6720.93
646,1006,2,3,2,2025-10-07,35800,4175,272,4348.59,12882.86
647,1005,2,4,1,2025-10-08,36529,3021,41,1295.58,10326.29
648,1000,3,3,2,2025-10-09,48963,2067,78,4837.0,13260.13
649,1004,1,3,3,2025-10-10,19452,2465,77,4794.88,3211.96
650,1004,4,3,3,2025-10-11,32174,4640,312,1313.4,13125.74
651,1005,2,2,2,2025-10-12,36436,3146,203,1805.45,1084.48
652,1002,3,4,2,2025-10-13,48406,1659,134,4488.22,13351.27
653,1004,2,3,2,2025-10-14,16954,767,250,4836.45,5070.29
654,1006,4,1,2,2025-10-15,18186,3611,316,2272.85,4855.9
655,1004,4,2,1,2025-10-16,13356,1066,64,1672.89,7778.91
656,1004,5,4,2,2025-10-17,33963,3615,283,2677.86,14122.21
657,1004,1,3,1,2025-10-18,3187,4751,107,3470.07,907.16
658,1009,5,1,3,2025-10-19,12707,4520,300,1440.03,5413.02
659,1009,3,4,2,2025-10-20,36098,2010,324,3708.72,12877.27
660,1002,2,4,1,2025-10-21,27935,1098,491,353.12,6061.61
661,1000,3,2,2,2025-10-22,22225,1407,345,341.54,3147.52
662,1004,4,4,3,2025-10-23,4606,3476,155,1992.81,6486.95
663,1008,5,2,3,2025-10-24,33828,165,161,1832.02,5906.18
664,1000,5,3,3,2025-10-25,27489,2145,210,1646.6,13748.16
665,1002,5,2,2,2025-10-26,15387,1851,478,2506.0,11476.63
666,1003,3,1,2,2025-10-27,4927,2196,183,1671.59,7675.71
667,1000,4,2,1,2025-10-28,7296,1670,201,1042.06,14827.88
668,1000,2,1,3,2025-10-29,31444,4830,227,1616.4,7086.11
669,1007,2,2,2,2025-10-30,47390,3000,93,4877.03,1061.92
670,1001,3,4,3,2025-10-31,47893,3842,291,2114.46,4081.66
671,1007,5,3,3,2025-11-01,3591,2991,438,2279.09,6653.84
672,1006,1,1,1,2025-11-02,45895,4955,280,2925.07,2522.16
673,1009,3,2,1,2025-11-03,49516,1027,240,4918.37,14223.96
674,1009,3,2,1,2025-11-04,27147,3116,187,1283.85,11549.36
675,1001,4,2,1,2025-11-05,39889,833,213,3438.28,4170.65
676,1005,2,4,3,2025-11-06,2200,290,497,3608.32,8943.91
677,1005,3,4,1,2025-11-07,16721,1603,134,3075.89,10877.45
678,1002,3,1,1,2025-11-08,20238,4628,157,534.03,14130.93
679,1001,5,1,1,2025-11-09,12087,1062,17,3416.67,13248.2
680,1000,5,4,1,2025-11-10,31816,236,126,414.06,7824.84
681,1005,1,1,3,2025-11-11,24408,1931,363,3021.1,11664.86
682,1004,4,3,1,2025-11-12,40740,4636,224,3723.95,8519.74
683,1008,1,3,3,2025-11-13,1136,480,110,1133.75,8380.02
684,1000,5,4,2,2025-11-14,18413,288,379,4223.95,1898.18
685,1006,2,1,3,2025-11-15,49114,2395,74,248.73,2066.84
686,1004,5,2,3,2025-11-16,19978,125,199,4234.68,8037.1
687,1004,4,3,1,2025-11-17,1661,1406,190,2355.61,4179.15
688,1001,5,4,2,2025-11-18,36240,4972,103,1166.18,511.35
689,1002,4,1,2,2025-11-19,28253,2380,86,755.51,10898.02
690,1006,4,4,2,2025-11-20,27884,4736,79,4771.21,680.8
691,1005,4,2,2,2025-11-21,33854,1952,378,456.06,9010.1
692,1001,4,3,3,2025-11-22,11704,4063,344,1075.56,8180.07
693,1005,4,4,2,2025-11-23,39987,4720,196,1804.33,14538.46
694,1001,2,4,3,2025-11-24,25527,2109,329,3139.15,7366.35
695,1001,1,4,3,2025-11-25,17322,190,471,2769.53,1141.3
696,1001,3,2,3,2025-11-26,48517,1839,218,715.65,8364.98
697,1002,1,4,2,2025-11-27,7968,3676,319,1519.67,12648.22
698,1001,4,2,1,2025-11-28,28518,66,448,1269.88,14953.37
699,1003,2,2,1,2025-11-29,47364,4398,471,1146.36,6569.08
700,1008,5,2,2,2025-11-30,28886,514,386,2114.61,4940.42
701,1005,2,3,1,2025-12-01,2700,4521,371,3549.75,13618.47
702,1000,4,3,1,2025-12-02,29246,1877,322,1165.52,3030.38
703,1007,2,4,3,2025-12-03,36468,3078,148,1896.73,9308.35
704,1006,2,4,3,2025-12-04,24199,569,388,2015.5,6204.57
705,1009,4,3,2,2025-12-05,45589,139,220,4884.64,808.02
706,1002,2,1,2,2025-12-06,33115,4865,365,4777.87,5339.87
707,1000,3,3,1,2025-12-07,6520,2901,328,4020.67,4125.38
708,1004,3,2,3,2025-12-08,45278,2893,19,1284.13,10354.15
709,1003,2,3,2,2025-12-09,37455,4775,221,433.38,14242.1
710,1009,5,2,2,2025-12-10,21929,1934,496,1652.83,4167.1
711,1007,4,4,2,2025-12-11,42605,4221,443,1407.29,12209.7
712,1000,3,1,2,2025-12-12,15955,975,39,2579.04,1019.33
713,1009,5,4,2,2025-12-13,45049,3784,187,3910.87,8164.19
714,1000,2,2,2,2025-12-14,14917,1019,274,4305.78,1244.14
715,1003,5,2,1,2025-12-15,5757,1144,437,4239.83,14023.69
716,1007,1,2,3,2025-12-16,14045,3245,471,1862.41,11542.0
717,1004,3,1,3,2025-12-17,42680,1454,362,3467.45,9937.66
718,1001,2,3,2,2025-12-18,5733,3414,104,1632.89,12393.67
719,1005,4,4,3,2025-12-19,31954,4340,11,398.44,9783.29
720,1004,2,4,3,2025-12-20,32135,4032,34,3537.67,14540.38
721,1001,4,3,3,2025-12-21,8081,4373,471,148.16,10766.58
722,1002,2,4,2,2025-12-22,42458,4063,309,2104.99,13884.95
723,1008,5,1,2,2025-12-23,24501,4606,477,1713.96,7853.55
724,1006,5,4,3,2025-12-24,22113,4763,148,3497.55,1932.55
725,1006,5,2,3,2025-12-25,35441,3142,115,3854.6,8017.03
726,1005,1,3,2,2025-12-26,48086,4209,236,1590.06,2077.72
727,1007,4,1,1,2025-12-27,25690,2124,183,4076.97,8968.9
728,1003,5,3,3,2025-12-28,44939,334,76,1540.19,7340.9
729,1007,1,1,1,2025-12-29,30345,4983,214,2287.0,9414.12
730,1003,4,2,3,2025-12-30,47313,4976,224,3662.39,348.7
731,1007,2,3,1,2025-12-31,45571,1237,84,3495.31,3083.64
732,1008,1,4,1,2026-01-01,27829,4019,87,4938.11,7471.69
733,1002,3,1,1,2026-01-02,36062,3015,46,1203.29,14267.45
734,1002,1,3,2,2026-01-03,4630,4369,277,3345.36,5877.41
735,1001,1,4,1,2026-01-04,48861,833,195,3087.44,6480.71
736,1009,4,3,1,2026-01-05,32870,999,177,4583.98,10777.5
737,1002,2,3,1,2026-01-06,48221,3989,465,866.17,9136.13
738,1002,3,3,3,2026-01-07,45942,94,11,3783.81,4624.11
739,1004,5,1,1,2026-01-08,4453,1860,159,2884.52,6280.08
740,1004,5,4,3,2026-01-09,38275,4616,14,1445.86,3421.96
741,1001,1,2,1,2026-01-10,44370,2131,38,2424.73,14497.12
742,1009,4,1,1,2026-01-11,39396,3548,40,1735.51,2133.39
743,1005,4,1,2,2026-01-12,9328,879,413,2938.64,5703.18
744,1004,5,1,3,2026-01-13,16534,1959,10,4456.1,582.42
745,1005,3,2,1,2026-01-14,20744,2631,412,2889.59,3482.34
746,1000,2,4,3,2026-01-15,20389,741,406,3195.44,11750.97
747,1004,3,4,3,2026-01-16,37320,4069,219,2641.86,3177.39
748,1008,2,4,2,2026-01-17,36010,981,138,350.71,1384.94
749,1009,5,3,2,2026-01-18,15665,4986,289,1241.01,7221.91
750,1001,2,3,2,2026-01-19,38865,3456,130,2510.81,347.54
751,1000,4,3,2,2026-01-20,9640,197,413,1620.15,1454.54
752,1009,1,2,2,2026-01-21,35716,1082,443,990.64,12152.86
753,1008,1,3,2,2026-01-22,26521,1361,341,2570.25,11617.81
754,1009,5,2,2,2026-01-23,31049,437,178,1681.77,13744.05
755,1008,4,4,2,2026-01-24,6618,3171,156,1364.73,12846.83
756,1008,3,3,1,2026-01-25,38004,1923,335,2373.53,10311.0
757,1005,4,3,3,2026-01-26,2920,3638,30,753.09,974.53
758,1007,1,1,2,2026-01-27,44937,965,387,4645.95,11786.16
759,1000,1,2,2,2026-01-28,5188,1928,119,4351.74,12713.56
760,1009,4,4,3,2026-01-29,13207,3798,386,3567.34,12026.42
761,1003,4,1,1,2026-01-30,1238,327,486,620.45,7725.49
762,1000,1,1,3,2026-01-31,33972,2027,288,3901.8,3646.95
763,1007,3,4,3,2026-02-01,11799,1909,391,4058.99,12710.88
764,1000,5,1,2,2026-02-02,6552,3086,79,3862.05,10962.01
765,1002,5,2,3,2026-02-03,29916,3421,170,658.43,14715.27
766,1003,4,2,3,2026-02-04,5927,4763,193,3255.15,2504.25
767,1007,5,3,2,2026-02-05,28964,2232,82,4188.19,3539.84
768,1005,1,1,2,2026-02-06,12164,4725,439,2929.03,3334.61
769,1009,1,3,2,2026-02-07,38158,1220,94,3267.4,11929.59
770,1006,4,1,2,2026-02-08,20071,539,180,2345.98,2966.23
771,1007,4,2,3,2026-02-09,49409,2575,25,2690.67,1186.57
772,1001,4,2,3,2026-02-10,7160,1232,58,268.45,14978.7
773,1009,3,2,1,2026-02-11,16810,4529,188,3230.92,567.29
774,1007,5,1,1,2026-02-12,6126,4308,363,499.09,12561.61
775,1002,4,2,3,2026-02-13,31009,2538,226,2231.57,5607.43
776,1006,2,1,1,2026-02-14,34584,1926,319,1534.01,12655.91
777,1002,2,3,3,2026-02-15,47182,2512,332,2772.6,8408.38
778,1006,1,1,1,2026-02-16,26396,1680,183,753.74,13544.14
779,1001,5,3,2,2026-02-17,1192,337,280,3489.05,13907.66
780,1009,4,1,1,2026-02-18,37413,4332,116,3995.56,334.65
781,1005,2,3,2,2026-02-19,13816,1957,228,900.44,1316.1
782,1002,5,2,2,2026-02-20,40082,1211,218,611.13,3905.31
783,1002,1,3,2,2026-02-21,33130,179,63,813.03,10105.87
784,1008,3,2,2,2026-02-22,41142,2413,331,4397.93,13346.43
785,1006,5,2,1,2026-02-23,37468,193,397,2688.13,7007.14
786,1004,5,3,3,2026-02-24,31698,65,113,2389.58,9183.2
787,1009,3,1,2,2026-02-25,11655,294,389,622.89,2989.8
788,1006,5,1,1,2026-02-26,48897,976,161,3282.82,12113.51
789,1008,1,4,2,2026-02-27,31075,3228,195,4353.2,14516.46
790,1000,1,1,1,2026-02-28,10359,2226,204,4158.11,4175.26
791,1006,3,4,1,2026-03-01,37661,936,316,3167.67,7523.42
792,1005,4,1,1,2026-03-02,40579,390,200,468.87,1474.52
793,1009,2,1,3,2026-03-03,43056,2101,39,650.75,8475.22
794,1008,4,2,1,2026-03-04,34272,3448,383,341.61,7641.19
795,1000,5,4,1,2026-03-05,43581,4000,391,1361.65,2337.66
796,1003,2,1,3,2026-03-06,15671,355,250,764.74,6742.58
797,1008,3,4,3,2026-03-07,28048,957,241,1374.24,5144.75
798,1003,3,2,1,2026-03-08,11738,2704,108,1986.78,7923.1
799,1009,2,2,3,2026-03-09,26963,3842,11,4720.62,8867.68
800,1002,1,4,2,2026-03-10,44954,4092,287,3090.84,325.73
801,1008,2,2,2,2026-03-11,7773,1421,5,4191.37,11462.89
802,1001,5,3,3,2026-03-12,37584,370,223,3580.72,10752.61
803,1003,1,3,3,2026-03-13,30894,4704,468,651.27,5621.04
804,1005,3,2,1,2026-03-14,1717,4109,234,3706.01,983.45
805,1001,2,3,3,2026-03-15,12676,1181,459,1447.98,11373.0
806,1007,4,1,1,2026-03-16,5434,2628,176,3231.63,14336.59
807,1007,4,4,2,2026-03-17,38825,4092,91,1770.71,3754.24
808,1000,5,1,3,2026-03-18,30100,3417,45,4988.59,4988.16
809,1002,4,4,1,2026-03-19,5994,867,127,1391.4,2920.43
810,1009,2,2,1,2026-03-20,5234,61,335,1467.74,8738.65
811,1008,2,1,2,2026-03-21,4764,244,302,4660.29,2491.65
812,1004,4,2,3,2026-03-22,44949,2587,377,220.76,5471.67
813,1005,2,2,2,2026-03-23,38405,2892,421,3513.78,10515.79
814,1003,5,4,1,2026-03-24,35872,2279,182,3654.1,8489.72
815,1009,1,4,1,2026-03-25,43215,3059,67,4198.26,5919.65
816,1001,5,4,3,2026-03-26,24185,4801,488,4874.75,6419.69
817,1007,5,1,1,2026-03-27,44442,2127,169,4880.45,8519.24
818,1005,2,3,3,2026-03-28,42153,3917,493,419.86,286.8
819,1004,1,4,2,2026-03-29,12999,4923,191,4127.01,1361.95
820,1008,2,4,3,2026-03-30,37487,493,387,3266.92,13242.62
821,1000,3,1,3,2026-03-31,3581,347,213,3271.98,1352.61
822,1004,2,4,1,2026-04-01,3763,4953,231,728.91,10660.69
823,1005,2,1,1,2026-04-02,28374,894,436,3285.92,13816.56
824,1004,2,2,3,2026-04-03,39759,1065,393,4914.16,4206.12
825,1005,1,4,1,2026-04-04,11531,1434,52,4567.91,5683.27
826,1005,2,4,1,2026-04-05,26307,1447,228,2251.74,8620.04
827,1006,1,2,1,2026-04-06,31835,603,7,295.75,13249.29
828,1003,4,2,3,2026-04-07,12064,2400,376,1875.24,14140.2
829,1007,3,2,1,2026-04-08,12312,4566,179,4149.31,11145.54
830,1006,1,4,3,2026-04-09,38548,1319,450,3537.35,1481.97
831,1008,4,3,1,2026-04-10,37945,1310,103,2350.78,10103.48
832,1006,1,3,2,2026-04-11,48937,234,120,370.0,6272.5
833,1002,1,3,1,2026-04-12,7476,4613,274,2191.78,7166.37
834,1002,3,4,1,2026-04-13,25565,2460,451,2398.22,927.4
835,1007,5,2,3,2026-04-14,3382,4481,372,4649.92,3027.72
836,1004,5,4,3,2026-04-15,23463,2259,257,3241.32,11899.6
837,1003,1,2,1,2026-04-16,46276,3722,321,1627.1,6918.59
838,1007,2,4,2,2026-04-17,34402,4733,419,2674.06,4664.6
839,1005,4,4,1,2026-04-18,27345,1931,99,423.67,5883.48
840,1001,2,2,1,2026-04-19,45764,4346,277,4865.58,12845.11
841,1003,2,3,2,2026-04-20,27946,571,384,1864.29,11285.19
842,1003,1,2,3,2026-04-21,15162,1937,28,2441.55,4230.27
843,1005,1,1,1,2026-04-22,47773,2602,120,1840.89,1939.03
844,1005,1,1,3,2026-04-23,9397,3859,155,3444.31,3929.57
845,1000,1,2,3,2026-04-24,23335,4933,342,3344.94,13827.2
846,1007,5,4,2,2026-04-25,46095,4205,54,3605.08,8807.51
847,1005,1,1,2,2026-04-26,15394,4723,210,1413.9,8095.51
848,1002,5,1,3,2026-04-27,28197,4466,339,1646.78,9026.63
849,1008,5,4,1,2026-04-28,23010,3529,83,713.73,5617.22
850,1001,1,4,3,2026-04-29,25123,1459,74,3312.0,12145.18
851,1007,3,3,1,2026-04-30,23387,1744,31,295.01,7944.64
852,1009,4,4,1,2026-05-01,3890,4714,275,3028.64,1927.87
853,1002,2,2,2,2026-05-02,28769,576,54,4361.51,2110.16
854,1004,5,2,1,2026-05-03,44626,2710,296,4465.08,8145.52
855,1005,4,3,1,2026-05-04,9026,2222,251,2300.29,14061.24
856,1009,3,1,3,2026-05-05,4306,329,268,2350.59,4763.61
857,1005,2,1,2,2026-05-06,34665,3014,83,477.15,13069.21
858,1003,2,4,1,2026-05-07,10277,4027,391,3386.75,11508.61
859,1002,5,2,1,2026-05-08,43239,2719,194,4124.17,3867.62
860,1003,1,1,2,2026-05-09,48664,2943,51,1298.81,737.84
861,1000,3,3,3,2026-05-10,49008,1801,465,2164.37,1707.34
862,1003,5,3,2,2026-05-11,15683,4031,365,4210.31,10981.71
863,1000,3,2,2,2026-05-12,1670,4819,358,4397.89,3155.11
864,1000,1,3,1,2026-05-13,24675,2411,476,1291.58,5694.81
865,1009,1,3,1,2026-05-14,18889,4477,492,2797.8,7625.15
866,1005,5,2,3,2026-05-15,45535,4181,356,1043.22,10936.93
867,1004,1,4,1,2026-05-16,14006,1758,193,599.21,1875.82
868,1003,4,4,1,2026-05-17,49536,2736,420,4564.49,6214.22
869,1002,2,3,2,2026-05-18,27531,2945,260,4120.49,7379.08
870,1000,5,4,1,2026-05-19,22639,4585,226,3824.17,8204.24
871,1005,3,4,3,2026-05-20,17633,2826,376,338.95,12311.74
872,1001,4,3,2,2026-05-21,35660,1169,245,4234.27,2740.84
873,1007,5,4,3,2026-05-22,4439,3038,273,2246.42,12155.91
874,1009,1,3,2,2026-05-23,33172,4309,5,1777.74,10454.6
875,1004,1,1,1,2026-05-24,36622,4293,38,2777.73,8426.89
876,1006,1,2,2,2026-05-25,12577,244,450,547.63,10553.01
877,1009,1,2,2,2026-05-26,12763,712,83,3807.57,6297.86
878,1001,3,4,1,2026-05-27,21176,529,240,2953.93,2248.28
879,1007,4,4,1,2026-05-28,45386,4268,338,1014.29,10053.33
880,1001,2,4,3,2026-05-29,25255,1473,381,1022.34,7965.15
881,1003,3,2,3,2026-05-30,42003,2758,353,1002.82,9662.75
882,1000,3,1,1,2026-05-31,20996,3225,102,379.31,5202.38
883,1004,2,1,1,2026-06-01,36386,3864,86,2980.21,13621.63
884,1008,2,2,1,2026-06-02,22062,2064,459,4217.71,8893.07
885,1000,1,1,2,2026-06-03,36931,3839,481,185.74,1463.96
886,1008,3,2,2,2026-06-04,36710,4855,419,340.12,6857.1
887,1007,5,1,2,2026-06-05,35693,2493,196,2906.57,11394.07
888,1005,2,3,1,2026-06-06,36740,961,257,4115.53,11953.19
889,1006,2,3,3,2026-06-07,12705,3263,413,1701.02,7520.04
890,1002,4,2,1,2026-06-08,44408,2414,42,1813.11,13442.26
891,1000,5,1,2,2026-06-09,29047,3679,18,3022.1,4161.49
892,1004,5,4,2,2026-06-10,11966,3522,396,1443.64,6276.86
893,1001,2,1,1,2026-06-11,18374,730,351,230.38,13499.23
894,1004,1,3,1,2026-06-12,12138,4701,314,3702.62,13464.6
895,1007,4,3,2,2026-06-13,16935,659,390,3165.68,10348.55
896,1008,5,1,2,2026-06-14,46913,2206,213,2945.7,12912.91
897,1001,2,1,2,2026-06-15,1489,3916,361,3734.25,1513.84
898,1002,5,4,1,2026-06-16,45516,421,466,3408.63,13001.93
899,1002,4,4,2,2026-06-17,23260,665,93,1108.82,4945.17
900,1000,4,1,2,2026-06-18,27069,2303,60,1827.16,2839.31
901,1007,3,1,3,2026-06-19,20275,4992,98,717.94,3742.67
902,1005,2,1,1,2026-06-20,37284,4188,97,736.3,6385.93
903,1007,4,1,3,2026-06-21,40178,914,344,3413.36,3917.64
904,1008,3,2,3,2026-06-22,33821,1318,89,4307.14,4944.4
905,1004,3,1,2,2026-06-23,17999,834,449,4817.39,2197.68
906,1002,5,4,1,2026-06-24,39712,4621,249,3178.9,4583.42
907,1004,5,3,2,2026-06-25,41172,4228,26,1002.1,8669.8
908,1004,3,2,1,2026-06-26,34722,2287,295,617.69,6739.43
909,1004,5,1,3,2026-06-27,11625,4104,489,4082.97,5331.44
910,1002,4,3,1,2026-06-28,2629,4945,276,2935.91,11247.49
911,1009,1,2,2,2026-06-29,11973,985,310,3129.6,13423.95
912,1003,4,3,2,2026-06-30,7859,4030,126,3929.16,11400.48
913,1008,3,1,2,2026-07-01,42609,2388,132,3546.06,5113.61
914,1009,3,1,1,2026-07-02,44307,375,117,4188.85,11217.74
915,1008,4,4,3,2026-07-03,46450,1584,431,375.45,2449.31
916,1001,5,1,3,2026-07-04,37046,3530,277,3762.85,2128.71
917,1007,5,1,1,2026-07-05,22839,3911,340,4269.18,5315.28
918,1007,3,2,2,2026-07-06,28216,2035,446,1502.06,12154.0
919,1006,2,4,3,2026-07-07,19945,4982,134,3238.19,3845.95
920,1007,5,2,2,2026-07-08,7539,4653,136,1639.39,1136.15
921,1002,4,3,1,2026-07-09,34625,2828,89,4794.06,2149.3
922,1005,5,1,2,2026-07-10,5886,1320,427,263.78,12909.43
923,1000,4,3,3,2026-07-11,46713,690,486,2940.98,9579.99
924,1006,3,2,3,2026-07-12,8485,4753,354,915.87,3947.38
925,1000,5,1,2,2026-07-13,32455,4128,394,3589.88,8418.38
926,1008,4,1,1,2026-07-14,47448,4711,85,961.86,8008.18
927,1000,3,2,2,2026-07-15,17767,1417,491,1253.38,9900.45
928,1000,2,2,1,2026-07-16,48165,4092,477,2522.42,3651.18
929,1006,4,2,2,2026-07-17,29453,2625,329,4582.69,12993.16
930,1001,2,2,3,2026-07-18,11744,3653,73,1137.4,4778.65
931,1004,2,2,1,2026-07-19,38102,1631,152,806.78,10473.15
932,1007,1,1,1,2026-07-20,13226,2036,452,3818.99,438.64
933,1007,5,2,1,2026-07-21,28869,2290,20,2553.04,5715.33
934,1002,4,1,3,2026-07-22,23588,4016,311,4567.75,5405.31
935,1006,2,1,2,2026-07-23,14440,2155,109,818.41,8243.57
936,1002,1,2,3,2026-07-24,32709,178,169,3265.05,1276.5
937,1005,3,2,1,2026-07-25,48788,4851,492,1241.11,11893.94
938,1005,4,4,2,2026-07-26,23495,4046,205,868.13,3423.16
939,1002,2,1,3,2026-07-27,38019,901,201,3448.8,10220.16
940,1006,5,2,1,2026-07-28,45948,4153,430,3009.05,12087.54
941,1002,1,2,1,2026-07-29,49908,2126,189,3798.65,8515.78
942,1007,2,2,3,2026-07-30,1922,3044,326,1616.37,11165.07
943,1009,5,4,3,2026-07-31,28526,3794,269,2295.06,9995.53
944,1003,2,4,3,2026-08-01,8957,2806,367,2086.81,5461.84
945,1000,4,3,1,2026-08-02,49564,1694,104,4922.04,12171.11
946,1003,4,1,3,2026-08-03,34998,4421,346,1532.02,4561.58
947,1006,4,3,1,2026-08-04,44395,3194,324,1544.6,8653.95
948,1003,1,2,3,2026-08-05,25031,292,218,1837.29,11231.89
949,1005,4,4,1,2026-08-06,11006,4135,282,2866.51,5808.55
950,1008,5,4,1,2026-08-07,38701,220,166,1336.38,4680.96
951,1000,2,3,2,2026-08-08,48063,702,443,4584.92,6998.32
952,1004,3,4,3,2026-08-09,26939,3562,161,1401.86,12305.86
953,1006,5,2,3,2026-08-10,21324,1549,426,4489.5,13962.84
954,1000,5,4,1,2026-08-11,23867,2149,255,607.03,8267.23
955,1003,4,3,1,2026-08-12,1203,2208,370,3317.16,9989.7
956,1005,1,2,1,2026-08-13,17544,2022,101,4544.23,13568.45
957,1001,2,3,2,2026-08-14,16899,3975,22,926.87,1658.49
958,1009,1,4,2,2026-08-15,30063,2308,331,4844.8,3634.76
959,1004,2,3,1,2026-08-16,26344,4089,453,2319.13,10691.72
960,1009,2,3,3,2026-08-17,4748,2085,387,4734.0,12391.42
961,1000,1,1,3,2026-08-18,40486,3321,101,3416.42,12884.03
962,1005,5,4,2,2026-08-19,2093,907,5,1577.78,6343.59
963,1005,2,4,2,2026-08-20,16228,3873,220,1022.68,1522.23
964,1003,1,3,1,2026-08-21,21884,1099,136,1588.3,6679.17
965,1007,2,1,3,2026-08-22,26183,4040,264,555.79,3614.87
966,1003,3,4,1,2026-08-23,17034,348,129,804.95,4509.71
967,1007,5,2,2,2026-08-24,6710,973,86,612.84,11629.56
968,1007,4,3,3,2026-08-25,43500,4282,287,2172.42,1317.8
969,1004,2,4,3,2026-08-26,20259,4356,175,3998.33,12448.2
970,1003,3,2,2,2026-08-27,36959,2849,63,792.78,6529.5
971,1001,4,4,1,2026-08-28,34457,4925,36,738.57,9021.75
972,1002,4,2,1,2026-08-29,21143,4112,165,3252.8,1526.85
973,1002,2,3,3,2026-08-30,3103,4095,288,1066.2,5192.91
974,1003,1,4,2,2026-08-31,1365,1852,110,578.29,1527.57
975,1003,2,4,3,2026-09-01,47778,2763,109,917.56,14430.85
976,1009,3,1,2,2026-09-02,45535,4556,443,4626.28,12147.47
977,1004,4,3,1,2026-09-03,17103,2903,232,4125.21,7002.56
978,1003,2,2,2,2026-09-04,33510,2707,192,1834.92,3509.32
979,1009,1,4,1,2026-09-05,25476,4572,74,3313.52,14015.14
980,1007,2,4,2,2026-09-06,13742,3396,322,2732.65,5300.03
981,1005,5,2,3,2026-09-07,13391,1521,468,3417.91,2582.57
982,1005,1,3,1,2026-09-08,37940,2999,294,3445.09,8534.83
983,1007,3,1,3,2026-09-09,29901,991,91,3180.8,14167.86
984,1006,4,1,3,2026-09-10,33001,1957,374,1403.9,256.69
985,1009,2,4,1,2026-09-11,16623,4887,366,291.13,3724.25
986,1009,1,2,1,2026-09-12,3378,1293,476,2332.28,14089.03
987,1007,5,4,3,2026-09-13,22372,4473,60,4465.77,2732.07
988,1001,1,2,3,2026-09-14,45799,1516,117,2890.54,1876.0
989,1008,5,1,3,2026-09-15,39437,4007,17,4178.72,8638.77
990,1000,3,3,3,2026-09-16,36503,2016,444,4958.96,12955.29
991,1007,4,2,1,2026-09-17,31746,425,22,901.72,7261.23
992,1003,3,1,1,2026-09-18,28923,312,186,3489.71,14919.55
993,1003,2,4,3,2026-09-19,10867,4412,465,3404.04,10251.74
994,1004,1,2,2,2026-09-20,42258,3438,117,4901.78,1296.31
995,1007,5,3,2,2026-09-21,34724,3445,233,4929.44,14893.92
996,1004,5,4,1,2026-09-22,10306,1994,175,3464.73,6236.83
997,1007,1,4,3,2026-09-23,40391,1943,299,1293.71,4453.56
998,1009,1,1,3,2026-09-24,15908,3684,193,4012.92,8456.61
999,1000,2,2,1,2026-09-25,28081,1702,430,624.44,4703.75
1000,1009,3,4,2,2026-09-26,38228,4191,469,3925.43,1479.57
